PRAGMA foreign_keys=OFF;
BEGIN TRANSACTION;
CREATE TABLE IF NOT EXISTS "django_migrations" ("id" integer NOT NULL PRIMARY KEY AUTOINCREMENT, "app" varchar(255) NOT NULL, "name" varchar(255) NOT NULL, "applied" datetime NOT NULL);
INSERT INTO django_migrations VALUES(1,'contenttypes','0001_initial','2020-01-20 13:50:33.770742');
INSERT INTO django_migrations VALUES(2,'contenttypes','0002_remove_content_type_name','2020-01-20 13:50:33.780613');
INSERT INTO django_migrations VALUES(3,'auth','0001_initial','2020-01-20 13:50:33.791480');
INSERT INTO django_migrations VALUES(4,'auth','0002_alter_permission_name_max_length','2020-01-20 13:50:33.799362');
INSERT INTO django_migrations VALUES(5,'auth','0003_alter_user_email_max_length','2020-01-20 13:50:33.805695');
INSERT INTO django_migrations VALUES(6,'auth','0004_alter_user_username_opts','2020-01-20 13:50:33.821641');
INSERT INTO django_migrations VALUES(7,'auth','0005_alter_user_last_login_null','2020-01-20 13:50:33.832356');
INSERT INTO django_migrations VALUES(8,'auth','0006_require_contenttypes_0002','2020-01-20 13:50:33.836336');
INSERT INTO django_migrations VALUES(9,'auth','0007_alter_validators_add_error_messages','2020-01-20 13:50:33.844102');
INSERT INTO django_migrations VALUES(10,'auth','0008_alter_user_username_max_length','2020-01-20 13:50:33.850180');
INSERT INTO django_migrations VALUES(11,'auth','0009_alter_user_last_name_max_length','2020-01-20 13:50:33.855876');
INSERT INTO django_migrations VALUES(12,'auth','0010_alter_group_name_max_length','2020-01-20 13:50:33.862217');
INSERT INTO django_migrations VALUES(13,'auth','0011_update_proxy_permissions','2020-01-20 13:50:33.868616');
INSERT INTO django_migrations VALUES(14,'authentication','0001_initial','2020-01-20 13:50:33.879434');
INSERT INTO django_migrations VALUES(15,'admin','0001_initial','2020-01-20 13:50:33.889048');
INSERT INTO django_migrations VALUES(16,'admin','0002_logentry_remove_auto_add','2020-01-20 13:50:33.899805');
INSERT INTO django_migrations VALUES(17,'admin','0003_logentry_add_action_flag_choices','2020-01-20 13:50:33.909727');
INSERT INTO django_migrations VALUES(18,'sessions','0001_initial','2020-01-20 13:50:33.914476');
INSERT INTO django_migrations VALUES(19,'venture','0001_initial','2020-01-20 13:50:33.949955');
CREATE TABLE IF NOT EXISTS "django_content_type" ("id" integer NOT NULL PRIMARY KEY AUTOINCREMENT, "app_label" varchar(100) NOT NULL, "model" varchar(100) NOT NULL);
INSERT INTO django_content_type VALUES(1,'admin','logentry');
INSERT INTO django_content_type VALUES(2,'auth','permission');
INSERT INTO django_content_type VALUES(3,'auth','group');
INSERT INTO django_content_type VALUES(4,'contenttypes','contenttype');
INSERT INTO django_content_type VALUES(5,'sessions','session');
INSERT INTO django_content_type VALUES(6,'authentication','user');
INSERT INTO django_content_type VALUES(7,'venture','venture');
INSERT INTO django_content_type VALUES(8,'venture','support');
INSERT INTO django_content_type VALUES(9,'venture','pledge');
INSERT INTO django_content_type VALUES(10,'venture','follow');
INSERT INTO django_content_type VALUES(11,'venture','comment');
CREATE TABLE IF NOT EXISTS "auth_group_permissions" ("id" integer NOT NULL PRIMARY KEY AUTOINCREMENT, "group_id" integer NOT NULL REFERENCES "auth_group" ("id") DEFERRABLE INITIALLY DEFERRED, "permission_id" integer NOT NULL REFERENCES "auth_permission" ("id") DEFERRABLE INITIALLY DEFERRED);
CREATE TABLE IF NOT EXISTS "auth_permission" ("id" integer NOT NULL PRIMARY KEY AUTOINCREMENT, "content_type_id" integer NOT NULL REFERENCES "django_content_type" ("id") DEFERRABLE INITIALLY DEFERRED, "codename" varchar(100) NOT NULL, "name" varchar(255) NOT NULL);
INSERT INTO auth_permission VALUES(1,1,'add_logentry','Can add log entry');
INSERT INTO auth_permission VALUES(2,1,'change_logentry','Can change log entry');
INSERT INTO auth_permission VALUES(3,1,'delete_logentry','Can delete log entry');
INSERT INTO auth_permission VALUES(4,1,'view_logentry','Can view log entry');
INSERT INTO auth_permission VALUES(5,2,'add_permission','Can add permission');
INSERT INTO auth_permission VALUES(6,2,'change_permission','Can change permission');
INSERT INTO auth_permission VALUES(7,2,'delete_permission','Can delete permission');
INSERT INTO auth_permission VALUES(8,2,'view_permission','Can view permission');
INSERT INTO auth_permission VALUES(9,3,'add_group','Can add group');
INSERT INTO auth_permission VALUES(10,3,'change_group','Can change group');
INSERT INTO auth_permission VALUES(11,3,'delete_group','Can delete group');
INSERT INTO auth_permission VALUES(12,3,'view_group','Can view group');
INSERT INTO auth_permission VALUES(13,4,'add_contenttype','Can add content type');
INSERT INTO auth_permission VALUES(14,4,'change_contenttype','Can change content type');
INSERT INTO auth_permission VALUES(15,4,'delete_contenttype','Can delete content type');
INSERT INTO auth_permission VALUES(16,4,'view_contenttype','Can view content type');
INSERT INTO auth_permission VALUES(17,5,'add_session','Can add session');
INSERT INTO auth_permission VALUES(18,5,'change_session','Can change session');
INSERT INTO auth_permission VALUES(19,5,'delete_session','Can delete session');
INSERT INTO auth_permission VALUES(20,5,'view_session','Can view session');
INSERT INTO auth_permission VALUES(21,6,'add_user','Can add User');
INSERT INTO auth_permission VALUES(22,6,'change_user','Can change User');
INSERT INTO auth_permission VALUES(23,6,'delete_user','Can delete User');
INSERT INTO auth_permission VALUES(24,6,'view_user','Can view User');
INSERT INTO auth_permission VALUES(25,7,'add_venture','Can add Venture');
INSERT INTO auth_permission VALUES(26,7,'change_venture','Can change Venture');
INSERT INTO auth_permission VALUES(27,7,'delete_venture','Can delete Venture');
INSERT INTO auth_permission VALUES(28,7,'view_venture','Can view Venture');
INSERT INTO auth_permission VALUES(29,8,'add_support','Can add Support');
INSERT INTO auth_permission VALUES(30,8,'change_support','Can change Support');
INSERT INTO auth_permission VALUES(31,8,'delete_support','Can delete Support');
INSERT INTO auth_permission VALUES(32,8,'view_support','Can view Support');
INSERT INTO auth_permission VALUES(33,9,'add_pledge','Can add Funding');
INSERT INTO auth_permission VALUES(34,9,'change_pledge','Can change Funding');
INSERT INTO auth_permission VALUES(35,9,'delete_pledge','Can delete Funding');
INSERT INTO auth_permission VALUES(36,9,'view_pledge','Can view Funding');
INSERT INTO auth_permission VALUES(37,10,'add_follow','Can add Follow');
INSERT INTO auth_permission VALUES(38,10,'change_follow','Can change Follow');
INSERT INTO auth_permission VALUES(39,10,'delete_follow','Can delete Follow');
INSERT INTO auth_permission VALUES(40,10,'view_follow','Can view Follow');
INSERT INTO auth_permission VALUES(41,11,'add_comment','Can add Comment');
INSERT INTO auth_permission VALUES(42,11,'change_comment','Can change Comment');
INSERT INTO auth_permission VALUES(43,11,'delete_comment','Can delete Comment');
INSERT INTO auth_permission VALUES(44,11,'view_comment','Can view Comment');
CREATE TABLE IF NOT EXISTS "auth_group" ("id" integer NOT NULL PRIMARY KEY AUTOINCREMENT, "name" varchar(150) NOT NULL UNIQUE);
CREATE TABLE IF NOT EXISTS "authentication_user" ("id" integer NOT NULL PRIMARY KEY AUTOINCREMENT, "password" varchar(128) NOT NULL, "last_login" datetime NULL, "is_superuser" bool NOT NULL, "username" varchar(150) NOT NULL UNIQUE, "first_name" varchar(30) NOT NULL, "last_name" varchar(150) NOT NULL, "email" varchar(254) NOT NULL, "is_staff" bool NOT NULL, "is_active" bool NOT NULL, "date_joined" datetime NOT NULL, "amount" integer unsigned NOT NULL CHECK ("amount" >= 0), "avatar" varchar(100) NOT NULL);
INSERT INTO authentication_user VALUES(1,'pbkdf2_sha256$150000$HCP1lMawVEJ0$sQyebioV+2ySNiCXQBy7Vjx4z9NGbEiKC7FK6iQH/0c=','2020-01-20 14:00:03.808984',0,'Adann','','','',0,1,'2020-01-20 13:51:16.994474',0,'missing_user_avatar.png');
INSERT INTO authentication_user VALUES(2,'pbkdf2_sha256$150000$b1Glh22HRa8L$w3jd3TaZD1+Xy5DFSkRKjy+TDWsiaNAtKj5wJg9IP88=','2020-01-22 09:52:09.586358',1,'admin','','','',1,1,'2020-01-22 09:47:32.474213',0,'missing_user_avatar.png');
INSERT INTO authentication_user VALUES(3,'pbkdf2_sha256$150000$sCdkxmeBH7uk$3U6Uk1kG2AFN5mD8ln9IjK1o6LjqUuMwepx7GDvIykM=','2020-01-22 10:22:45.825199',0,'uti','','','',0,1,'2020-01-22 09:56:00.043285',0,'missing_user_avatar.png');
CREATE TABLE IF NOT EXISTS "authentication_user_groups" ("id" integer NOT NULL PRIMARY KEY AUTOINCREMENT, "user_id" integer NOT NULL REFERENCES "authentication_user" ("id") DEFERRABLE INITIALLY DEFERRED, "group_id" integer NOT NULL REFERENCES "auth_group" ("id") DEFERRABLE INITIALLY DEFERRED);
CREATE TABLE IF NOT EXISTS "authentication_user_user_permissions" ("id" integer NOT NULL PRIMARY KEY AUTOINCREMENT, "user_id" integer NOT NULL REFERENCES "authentication_user" ("id") DEFERRABLE INITIALLY DEFERRED, "permission_id" integer NOT NULL REFERENCES "auth_permission" ("id") DEFERRABLE INITIALLY DEFERRED);
CREATE TABLE IF NOT EXISTS "django_admin_log" ("id" integer NOT NULL PRIMARY KEY AUTOINCREMENT, "action_time" datetime NOT NULL, "object_id" text NULL, "object_repr" varchar(200) NOT NULL, "change_message" text NOT NULL, "content_type_id" integer NULL REFERENCES "django_content_type" ("id") DEFERRABLE INITIALLY DEFERRED, "user_id" integer NOT NULL REFERENCES "authentication_user" ("id") DEFERRABLE INITIALLY DEFERRED, "action_flag" smallint unsigned NOT NULL CHECK ("action_flag" >= 0));
INSERT INTO django_admin_log VALUES(1,'2020-01-22 09:53:21.396857','1','UserCreation','[{"added": {}}]',3,2,1);
INSERT INTO django_admin_log VALUES(2,'2020-01-22 09:53:27.231809','1','UserCreation','[]',3,2,2);
INSERT INTO django_admin_log VALUES(3,'2020-01-22 09:53:48.674460','1','UserCreation','[]',3,2,2);
INSERT INTO django_admin_log VALUES(4,'2020-01-22 09:54:22.931684','1','UserCreation','',3,2,3);
CREATE TABLE IF NOT EXISTS "django_session" ("session_key" varchar(40) NOT NULL PRIMARY KEY, "session_data" text NOT NULL, "expire_date" datetime NOT NULL);
INSERT INTO django_session VALUES('qlebeex72lvfdcnuurx3rki87qjh4vxt','YzY4OGI3ZjBjZTlmOTUxZGIwNzQ0NGY2NGE2YzRlOWZiNjhhZTE4MTp7Il9hdXRoX3VzZXJfaWQiOiIxIiwiX2F1dGhfdXNlcl9iYWNrZW5kIjoiZGphbmdvLmNvbnRyaWIuYXV0aC5iYWNrZW5kcy5Nb2RlbEJhY2tlbmQiLCJfYXV0aF91c2VyX2hhc2giOiIwMTA3N2FmNzE5ZTA4NzhiMDE3ZjM5ZTU0NGM0MTNkNjY4OTZlM2RmIn0=','2020-02-03 14:00:03.812470');
INSERT INTO django_session VALUES('ll9keoq88eu8zb25auc438se4dl6y2yf','MGJkOTM0ZDQ2ZWIyMTg0NmM1YzM0ODZlMDZjMDZmOTU0YzhiNGFlNTp7Il9hdXRoX3VzZXJfaWQiOiIzIiwiX2F1dGhfdXNlcl9iYWNrZW5kIjoiZGphbmdvLmNvbnRyaWIuYXV0aC5iYWNrZW5kcy5Nb2RlbEJhY2tlbmQiLCJfYXV0aF91c2VyX2hhc2giOiJhNzhjZjNmYzM1ZDA0M2U5M2VmYWE2Y2VhNzc3NWFhZTU1NTQ4OWUzIn0=','2020-02-05 09:59:47.878623');
INSERT INTO django_session VALUES('ak8whi1gst3yk6qat6m9t1wocsii6hm3','MGJkOTM0ZDQ2ZWIyMTg0NmM1YzM0ODZlMDZjMDZmOTU0YzhiNGFlNTp7Il9hdXRoX3VzZXJfaWQiOiIzIiwiX2F1dGhfdXNlcl9iYWNrZW5kIjoiZGphbmdvLmNvbnRyaWIuYXV0aC5iYWNrZW5kcy5Nb2RlbEJhY2tlbmQiLCJfYXV0aF91c2VyX2hhc2giOiJhNzhjZjNmYzM1ZDA0M2U5M2VmYWE2Y2VhNzc3NWFhZTU1NTQ4OWUzIn0=','2020-02-05 10:22:45.832180');
CREATE TABLE IF NOT EXISTS "venture_venture" ("id" integer NOT NULL PRIMARY KEY AUTOINCREMENT, "name" varchar(50) NOT NULL, "summary" varchar(280) NOT NULL, "description" text NOT NULL, "banner" varchar(100) NOT NULL, "created_at" datetime NOT NULL, "updated_at" datetime NOT NULL, "finished_at" date NOT NULL, "goal" integer unsigned NOT NULL CHECK ("goal" >= 0), "creator_id" integer NOT NULL REFERENCES "authentication_user" ("id") DEFERRABLE INITIALLY DEFERRED);
INSERT INTO venture_venture VALUES(1,'Clean UA of their garbages','More cleaning','Clean the floors and gardens to theirs garbages','banner/UA-logo.jpg','2020-01-20 13:54:05.681401','2020-01-20 13:54:05.681421','2020-01-31',10,1);
INSERT INTO venture_venture VALUES(2,'Just one tree','Planter un arbre à l''université d''Angers pour le symbole','Planter un olivier pour le symbole','banner/UA-logo_Ek0yDfi.jpg','2020-01-22 10:36:16.933555','2020-01-22 10:36:16.933582','2020-05-20',250,3);
INSERT INTO venture_venture VALUES(3,'Un arbre de plus !','Planté des arbres en Amazonie','Contre les feux en Amazonie, plantons des arbres','banner/amazonie.jpg','2020-01-22 10:37:05.599513','2020-01-22 10:37:05.599562','2022-09-05',100000,3);
INSERT INTO venture_venture VALUES(4,'Fresh Water','Cleaning water of our rivers','That everyone have the fresh and cleaned water to drink','banner/amazonie_Rtggthg.jpg','2020-01-22 10:38:02.219345','2020-01-22 10:38:02.219377','2025-02-02',2500000,3);
CREATE TABLE IF NOT EXISTS "venture_support" ("id" integer NOT NULL PRIMARY KEY AUTOINCREMENT, "to_id" integer NOT NULL REFERENCES "venture_venture" ("id") DEFERRABLE INITIALLY DEFERRED, "who_id" integer NOT NULL REFERENCES "authentication_user" ("id") DEFERRABLE INITIALLY DEFERRED);
CREATE TABLE IF NOT EXISTS "venture_pledge" ("id" integer NOT NULL PRIMARY KEY AUTOINCREMENT, "amount" integer unsigned NOT NULL CHECK ("amount" >= 0), "to_id" integer NOT NULL REFERENCES "venture_venture" ("id") DEFERRABLE INITIALLY DEFERRED, "who_id" integer NOT NULL REFERENCES "authentication_user" ("id") DEFERRABLE INITIALLY DEFERRED);
INSERT INTO venture_pledge VALUES(1,100,1,1);
INSERT INTO venture_pledge VALUES(2,10,1,1);
INSERT INTO venture_pledge VALUES(3,42598,3,3);
CREATE TABLE IF NOT EXISTS "venture_follow" ("id" integer NOT NULL PRIMARY KEY AUTOINCREMENT, "subscribed" datetime NOT NULL, "follower_id" integer NOT NULL REFERENCES "authentication_user" ("id") DEFERRABLE INITIALLY DEFERRED, "following_id" integer NOT NULL REFERENCES "venture_venture" ("id") DEFERRABLE INITIALLY DEFERRED);
CREATE TABLE IF NOT EXISTS "venture_comment" ("id" integer NOT NULL PRIMARY KEY AUTOINCREMENT, "created_at" datetime NOT NULL, "updated_at" datetime NOT NULL, "message" text NOT NULL, "what_id" integer NOT NULL REFERENCES "venture_venture" ("id") DEFERRABLE INITIALLY DEFERRED, "who_id" integer NOT NULL REFERENCES "authentication_user" ("id") DEFERRABLE INITIALLY DEFERRED);
INSERT INTO venture_comment VALUES(1,'2020-01-20 13:55:35.892308','2020-01-20 13:55:35.892327','I Like !',1,1);
DELETE FROM sqlite_sequence;
INSERT INTO sqlite_sequence VALUES('django_migrations',19);
INSERT INTO sqlite_sequence VALUES('django_content_type',11);
INSERT INTO sqlite_sequence VALUES('auth_permission',44);
INSERT INTO sqlite_sequence VALUES('auth_group',1);
INSERT INTO sqlite_sequence VALUES('django_admin_log',4);
INSERT INTO sqlite_sequence VALUES('authentication_user',3);
INSERT INTO sqlite_sequence VALUES('venture_venture',4);
INSERT INTO sqlite_sequence VALUES('venture_pledge',3);
INSERT INTO sqlite_sequence VALUES('venture_comment',1);
INSERT INTO sqlite_sequence VALUES('auth_group_permissions',1);
CREATE UNIQUE INDEX "django_content_type_app_label_model_76bd3d3b_uniq" ON "django_content_type" ("app_label", "model");
CREATE UNIQUE INDEX "auth_group_permissions_group_id_permission_id_0cd325b0_uniq" ON "auth_group_permissions" ("group_id", "permission_id");
CREATE INDEX "auth_group_permissions_group_id_b120cbf9" ON "auth_group_permissions" ("group_id");
CREATE INDEX "auth_group_permissions_permission_id_84c5c92e" ON "auth_group_permissions" ("permission_id");
CREATE UNIQUE INDEX "auth_permission_content_type_id_codename_01ab375a_uniq" ON "auth_permission" ("content_type_id", "codename");
CREATE INDEX "auth_permission_content_type_id_2f476e4b" ON "auth_permission" ("content_type_id");
CREATE UNIQUE INDEX "authentication_user_groups_user_id_group_id_8af031ac_uniq" ON "authentication_user_groups" ("user_id", "group_id");
CREATE INDEX "authentication_user_groups_user_id_30868577" ON "authentication_user_groups" ("user_id");
CREATE INDEX "authentication_user_groups_group_id_6b5c44b7" ON "authentication_user_groups" ("group_id");
CREATE UNIQUE INDEX "authentication_user_user_permissions_user_id_permission_id_ec51b09f_uniq" ON "authentication_user_user_permissions" ("user_id", "permission_id");
CREATE INDEX "authentication_user_user_permissions_user_id_736ebf7e" ON "authentication_user_user_permissions" ("user_id");
CREATE INDEX "authentication_user_user_permissions_permission_id_ea6be19a" ON "authentication_user_user_permissions" ("permission_id");
CREATE INDEX "django_admin_log_content_type_id_c4bce8eb" ON "django_admin_log" ("content_type_id");
CREATE INDEX "django_admin_log_user_id_c564eba6" ON "django_admin_log" ("user_id");
CREATE INDEX "django_session_expire_date_a5c62663" ON "django_session" ("expire_date");
CREATE INDEX "venture_venture_creator_id_9520109a" ON "venture_venture" ("creator_id");
CREATE INDEX "venture_support_to_id_f1c654e1" ON "venture_support" ("to_id");
CREATE INDEX "venture_support_who_id_696419da" ON "venture_support" ("who_id");
CREATE INDEX "venture_pledge_to_id_b1307344" ON "venture_pledge" ("to_id");
CREATE INDEX "venture_pledge_who_id_f7cd11d3" ON "venture_pledge" ("who_id");
CREATE INDEX "venture_follow_follower_id_7b5487fd" ON "venture_follow" ("follower_id");
CREATE INDEX "venture_follow_following_id_ec9aabb5" ON "venture_follow" ("following_id");
CREATE INDEX "venture_comment_what_id_38fdce8f" ON "venture_comment" ("what_id");
CREATE INDEX "venture_comment_who_id_3415749b" ON "venture_comment" ("who_id");
COMMIT;
